/*
 Navicat Premium Data Transfer

 Source Server         : localhost
 Source Server Type    : MySQL
 Source Server Version : 50732
 Source Host           : localhost:3306
 Source Schema         : dc

 Target Server Type    : MySQL
 Target Server Version : 50732
 File Encoding         : 65001

 Date: 05/04/2021 00:10:32
*/

SET NAMES utf8mb4;
SET FOREIGN_KEY_CHECKS = 0;

-- ----------------------------
-- Table structure for answer
-- ----------------------------
DROP TABLE IF EXISTS `answer`;
CREATE TABLE `answer`  (
  `id` int(11) NOT NULL AUTO_INCREMENT,
  `line` int(10) NULL DEFAULT NULL,
  `answer` text CHARACTER SET utf8mb4 COLLATE utf8mb4_croatian_ci NULL,
  `testing_id` int(10) NULL DEFAULT NULL,
  PRIMARY KEY (`id`) USING BTREE
) ENGINE = InnoDB AUTO_INCREMENT = 7 CHARACTER SET = utf8mb4 COLLATE = utf8mb4_croatian_ci ROW_FORMAT = Dynamic;

-- ----------------------------
-- Records of answer
-- ----------------------------
INSERT INTO `answer` VALUES (1, 1, '1 2 3 4 5', 1);
INSERT INTO `answer` VALUES (2, 1, '2 2 3 4 5 6 6 6 7 7 9 9 11 12 15 15 17 18 19 20 20 21 22 22 24 24 25 26 27 31 32 33 34 35 35 37 37 40 42 43 43 44 45 45 47 48 49 49 50 50 50 52 55 57 58 59 60 61 62 62 65 66 66 69 69 70 72 73 73 75 76 77 78 78 79 79 80 80 82 82 83 84 85 85 85 87 87 88 90 90 91 93 93 94 95 95 96 97 98 99', 2);
INSERT INTO `answer` VALUES (3, 1, '101 330 372 462 701 712 721 923 1116 1663 1789 2072 2628 3015 3739 4276 4348 5412 5667 5700 6210 6800 6862 6871 7089 7266 7470 7709 8069 8421 8636 8752 9545 9605 9814 9940 10292 10917 10977 11217 11226 11253 11526 11535 11545 11636 11721 11992 12424 12439 12730 12803 13163 13273 13294 13430 14492 14533 14549 14621 14830 14972 15896 16080 16110 16701 16759 16878 16918 16973 17201 17311 17333 17411 17457 17839 18140 18219 18244 18425 18560 18935 19149 19292 19598 19887 19901 19909 19996 20706 20733 20982 21077 21111 21223 21418 21453 21470 21509 21511 21570 21659 21822 22027 22111 22124 22194 22585 22641 23138 23150 23150 23183 23193 23593 23789 24034 24110 24138 24184 24454 24473 24601 25093 25281 25537 26114 26561 26578 26756 27103 27201 27268 27297 27322 27394 27400 27499 27695 27696 27829 27922 28060 28284 28296 28370 28484 28609 28899 29127 29403 29937 30444 30767 30837 30891 31039 31153 31225 31294 31335 31390 31762 31834 31880 32044 32046 32099 32191 33015 33209 33481 33782 33940 34063 34273 34340 34424 34741 34856 34967 35170 35179 35539 35653 35851 36253 36308 36354 36354 36483 36545 36635 36672 36721 36756 36871 36872 37449 37487 37515 37623 37816 37927 38091 38234 38684 38966 39326 39719 39996 40291 40456 40796 40807 40869 40993 41083 41228 41431 41607 41779 42134 42423 42501 42573 42824 43169 43474 44001 44512 44577 44588 44695 44742 45288 45291 45562 45666 45929 45961 46769 46897 47083 47319 47725 47760 48783 48790 48845 48906 49039 49155 49204 49418 50139 50507 50944 51634 52080 52093 52307 52330 52361 52445 52580 52698 52700 52702 52930 52964 53135 53286 53338 53596 53796 53824 53996 54136 54163 54802 55026 55160 56001 56090 56367 56412 56481 56974 57013 57277 57359 57814 58113 58339 58422 58726 58897 58949 58977 58995 59061 59085 59828 60002 60035 60158 60162 60286 60412 60484 60521 60568 61189 61213 61533 61761 61820 61932 61962 61998 62488 63288 65644 65756 65806 65846 65939 66008 66315 66368 66438 66718 66836 67185 67415 67474 67773 67885 68060 68641 68754 68842 69207 69217 69624 69634 69652 69912 70058 70838 70871 70941 71083 72508 72668 72798 73082 73212 73551 73557 73866 73877 73922 73953 73972 74345 74588 74632 74663 74752 74957 75515 76327 76443 76494 76761 76866 77650 77734 77968 78110 78176 78234 78397 78445 78640 78788 79178 79372 79535 79892 80131 80280 80343 80553 80663 81174 81431 81491 81636 81757 81882 82045 82321 82627 82733 82942 83222 83261 83446 83598 83678 84205 84341 84876 85014 85578 85656 85825 86219 86314 86349 86907 86923 86972 87113 88007 88132 88150 88193 88368 88546 88725 88946 89087 89641 89646 90018 90150 90151 90247 90269 90297 90717 90873 90923 91028 91133 91289 91318 91461 91665 92054 92517 93181 93915 93941 94196 94572 94651 94666 94779 94984 95163 95602 95763 95795 95818 95968 96020 96083 96370 96412 96424 96536 96603 96786 97151 97310 97332 97498 97627 97657 97699 97718 97869 98116 98189 98523 98593 98643 99082 99118 99154 99300 99412 99705 99768 99851', 3);
INSERT INTO `answer` VALUES (4, 1, '1', 4);
INSERT INTO `answer` VALUES (5, 1, 'false', 5);
INSERT INTO `answer` VALUES (6, 1, '2', 6);

-- ----------------------------
-- Table structure for data
-- ----------------------------
DROP TABLE IF EXISTS `data`;
CREATE TABLE `data`  (
  `id` int(11) NOT NULL AUTO_INCREMENT,
  `line` int(10) NULL DEFAULT NULL COMMENT '行',
  `data` text CHARACTER SET utf8mb4 COLLATE utf8mb4_croatian_ci NULL COMMENT '测试数据',
  `testing_id` int(10) NULL DEFAULT NULL COMMENT '测试id',
  PRIMARY KEY (`id`) USING BTREE
) ENGINE = InnoDB AUTO_INCREMENT = 18 CHARACTER SET = utf8mb4 COLLATE = utf8mb4_croatian_ci ROW_FORMAT = Dynamic;

-- ----------------------------
-- Records of data
-- ----------------------------
INSERT INTO `data` VALUES (1, 1, '5', 1);
INSERT INTO `data` VALUES (2, 2, '1 5 4 3 2', 1);
INSERT INTO `data` VALUES (3, 1, '100', 2);
INSERT INTO `data` VALUES (4, 2, '6 50 90 98 96 65 85 31 90 52 25 44 78 97 84 50 5 85 7 83 27 2 48 45 79 69 72 15 87 24 34 95 99 22 95 78 19 9 17 45 62 75 80 88 87 7 73 94 55 9 21 37 82 49 37 40 66 3 59 15 79 6 22 85 57 76 49 70 93 18 77 2 58 43 26 20 73 42 24 4 47 35 20 69 50 60 12 80 33 43 66 6 32 35 62 82 61 91 11 93', 2);
INSERT INTO `data` VALUES (5, 1, '500', 3);
INSERT INTO `data` VALUES (6, 2, '73557 59061 79372 7089 97332 56974 27695 88725 66315 18244 41228 28484 73922 43474 53796 701 52964 16918 61189 44695 72668 83678 31880 44742 33209 96786 45929 36253 93941 66368 88946 16110 91133 54136 36635 97718 23789 95602 27322 92054 11992 99705 34741 14830 61213 70941 21470 16878 98189 22641 74588 9940 79178 1663 99412 13294 9814 24601 74663 77968 57277 33481 52930 54802 80131 14972 24034 60162 48906 91289 45666 58897 81431 83261 85656 27922 70871 66438 13273 85825 41607 89646 23150 73953 28296 2072 74752 52698 36871 39719 82733 33015 12730 55026 99118 97699 10977 34424 86907 79535 36354 37816 96536 54163 96370 11217 21570 74345 90151 69217 28060 19292 37623 17457 23183 57814 38966 86972 53135 27268 42573 82045 97627 11636 91318 1116 58977 61533 11535 76327 27400 36545 6862 91461 40993 66008 19996 80280 48790 18219 29403 77734 28370 39996 55160 94984 5667 78640 58339 15896 73972 26561 31762 67415 11526 35170 96424 99154 52702 29127 37515 18560 76443 14621 36756 67185 37449 16080 83598 90873 80553 94572 76866 52080 46769 98116 60568 56090 721 69207 72798 14533 83446 88132 25093 49418 22027 61932 71083 48783 8069 78397 67885 21111 90717 32046 81491 59828 16759 94779 38234 21453 90247 47725 78445 41431 17201 12803 25537 60158 47083 22585 44001 8421 22111 45291 23193 6210 97869 38091 90269 61820 4276 36354 25281 19149 74632 99082 24184 90297 82321 21511 31390 27829 89641 94666 42501 36483 31335 38684 60002 97657 26578 61761 69912 81636 37487 99851 95818 52330 69652 73551 78176 27201 40796 58113 21418 41083 27297 101 49155 76761 35179 29937 8636 67474 32099 13430 69634 46897 19909 57359 70058 20706 23593 34273 70838 60484 21659 19887 96020 75515 45562 42824 50507 923 31225 30891 27499 51634 14492 712 40456 30837 24110 78234 40291 48845 40807 56481 7470 3739 59085 93915 40869 98643 9545 31834 462 22194 73877 62488 99300 98523 52093 10917 81757 20982 22124 3015 69624 19901 65644 79892 5412 78788 20733 84341 73082 5700 61998 89087 30444 86923 1789 58422 44577 98593 52361 34967 81882 28609 88150 21509 67773 65939 99768 84205 97498 47319 36872 37927 49204 12424 95795 87113 23150 7709 19598 86219 6800 96412 43169 52700 44588 77650 34063 12439 73212 91028 50944 82627 68641 84876 65846 330 39326 56001 73866 86314 91665 26756 44512 93181 88368 11253 52580 24473 18140 36721 63288 27103 95968 28284 36308 53338 17311 35851 56412 60521 96603 80343 94651 66836 30767 23138 53286 9605 41779 17411 50139 58995 68842 82942 53596 24454 372 57013 88193 53824 58726 13163 92517 65756 76494 6871 26114 74957 32191 2628 90150 66718 45288 60412 47760 52307 65806 11226 4348 90018 32044 31153 35539 88007 11545 31294 31039 14549 85014 16973 56367 28899 80663 33782 21223 11721 17333 10292 83222 17839 68754 27696 8752 96083 18425 95163 58949 21077 34856 86349 68060 60035 60286 97310 33940 53996 72508 18935 45961 27394 49039 78110 34340 52445 35653 90923 36672 85578 97151 88546 42423 61962 7266 21822 94196 81174 16701 24138 95763 42134', 3);
INSERT INTO `data` VALUES (7, 1, '4 4', 4);
INSERT INTO `data` VALUES (8, 2, '0 0 0 0', 4);
INSERT INTO `data` VALUES (9, 3, '0 0 0 0', 4);
INSERT INTO `data` VALUES (10, 4, '0 0 1 0', 4);
INSERT INTO `data` VALUES (11, 5, '0 1 2 1', 4);
INSERT INTO `data` VALUES (12, 1, '4 4', 5);
INSERT INTO `data` VALUES (13, 2, '0 1 0 0', 5);
INSERT INTO `data` VALUES (14, 3, '0 0 0 0', 5);
INSERT INTO `data` VALUES (15, 4, '0 0 1 0', 5);
INSERT INTO `data` VALUES (16, 5, '0 1 2 1', 5);
INSERT INTO `data` VALUES (17, 1, '1+1', 6);

-- ----------------------------
-- Table structure for testing
-- ----------------------------
DROP TABLE IF EXISTS `testing`;
CREATE TABLE `testing`  (
  `id` int(11) NOT NULL AUTO_INCREMENT,
  `testing_name` varchar(255) CHARACTER SET utf8mb4 COLLATE utf8mb4_croatian_ci NULL DEFAULT NULL,
  `topic_id` int(11) NULL DEFAULT NULL COMMENT '试题id',
  PRIMARY KEY (`id`) USING BTREE
) ENGINE = InnoDB AUTO_INCREMENT = 7 CHARACTER SET = utf8mb4 COLLATE = utf8mb4_croatian_ci ROW_FORMAT = Dynamic;

-- ----------------------------
-- Records of testing
-- ----------------------------
INSERT INTO `testing` VALUES (1, '排序问题：测试1', 1);
INSERT INTO `testing` VALUES (2, '排序问题：测试2', 1);
INSERT INTO `testing` VALUES (3, '排序问题：测试3', 1);
INSERT INTO `testing` VALUES (4, '渗透问题：测试1', 2);
INSERT INTO `testing` VALUES (5, '渗透问题：测试2', 2);
INSERT INTO `testing` VALUES (6, '表达式计算：测试1', 3);

-- ----------------------------
-- Table structure for topic
-- ----------------------------
DROP TABLE IF EXISTS `topic`;
CREATE TABLE `topic`  (
  `id` int(11) NOT NULL AUTO_INCREMENT,
  `title` varchar(255) CHARACTER SET utf8mb4 COLLATE utf8mb4_croatian_ci NULL DEFAULT NULL COMMENT '标题',
  `content` text CHARACTER SET utf8mb4 COLLATE utf8mb4_croatian_ci NULL COMMENT '内容',
  PRIMARY KEY (`id`) USING BTREE
) ENGINE = InnoDB AUTO_INCREMENT = 4 CHARACTER SET = utf8mb4 COLLATE = utf8mb4_croatian_ci ROW_FORMAT = Dynamic;

-- ----------------------------
-- Records of topic
-- ----------------------------
INSERT INTO `topic` VALUES (1, '排序问题', '<blockquote><h3>排序问题</h3></blockquote><p><span style=\"color:rgb(0,0,0);\">输入一组无序数列（整数），输出它的有序数列。</span></p><h5><span style=\"color:rgb(0,0,0);\">输入：</span></h5><p><span style=\"color:rgb(0,0,0);\">第一行：n</span></p><p><span style=\"color:rgb(0,0,0);\">第二行：m[n]</span></p><p><span style=\"color:rgb(0,0,0);\">解释：<code>n</code> 代表第二行输入数据的个数，第二行 <code>m[n]</code> 代表输入 <code>n</code> 个数据。输出一行有序数列</span></p><h5><span style=\"color:rgb(0,0,0);\">输出：</span></h5><p>一行：有序数列</p><blockquote><h3>案例：</h3></blockquote><h5><span style=\"color:rgb(0,0,0);\">输入：</span></h5><pre><code class=\"language-plaintext\">4\n4 2 1 3</code></pre><h5><span style=\"color:rgb(0,0,0);\">输出：</span></h5><pre><code class=\"language-plaintext\">1 2 3 4</code></pre><p>&nbsp;</p>');
INSERT INTO `topic` VALUES (2, '渗透问题', '<blockquote><h3>渗透问题</h3></blockquote><p><span style=\"color:rgb(0,0,0);\">给一个 <code>n*m</code> 的矩阵，0为空白，1为白纸，2为墨水，墨水每经过每一秒会将上下左右相邻的白纸染成黑色，然后继续渗透，判断此图中的白纸最终是否能够全部被墨水染上色，若能需要输出所有白纸全部被墨水染上色的时间，否则输出 <code>false</code></span></p><h5><span style=\"color:rgb(0,0,0);\">输入</span></h5><p><span style=\"color:rgb(0,0,0);\">第一行输入<code>n m</code>代表<code>n</code>行<code>m</code>列的矩阵</span></p><p><span style=\"color:rgb(0,0,0);\">随后输入<code>n</code>行<code>m</code>列数据（只能为0，1，2）。</span></p><h5><span style=\"color:rgb(0,0,0);\">输出</span></h5><p><span style=\"color:rgb(0,0,0);\"><code>true</code> 或 <code>false</code></span></p><blockquote><h3>案例</h3></blockquote><h4>案例1</h4><p>输入</p><pre><code class=\"language-java\">4 4\r\n0 0 0 0\r\n0 1 0 0\r\n0 0 1 0\r\n0 1 2 1</code></pre><p>输出</p><pre><code class=\"language-java\">false</code></pre><h4>案例2</h4><p>输入</p><pre><code class=\"language-java\">4 4\r\n0 0 0 0\r\n0 0 0 0\r\n0 0 1 0\r\n0 1 2 1</code></pre><p>输出</p><pre><code class=\"language-java\">1</code></pre>');
INSERT INTO `topic` VALUES (3, '表达式计算', '<blockquote><h3><span style=\"color:rgb(0,0,0);\">表达式计算</span></h3></blockquote><p><span style=\"color:rgb(0,0,0);\">输入一个数学表达式，输出其计算结果。</span></p><h5><span style=\"color:rgb(0,0,0);\">输入</span></h5><p><span style=\"color:rgb(0,0,0);\">一行：数学表达式</span></p><h5><span style=\"color:rgb(0,0,0);\">输出</span></h5><p><span style=\"color:rgb(0,0,0);\">一行：计算结果</span></p><blockquote><h3><span style=\"color:rgb(0,0,0);\">案例</span></h3></blockquote><h4><span style=\"color:rgb(0,0,0);\">案例1</span></h4><p><span style=\"color:rgb(0,0,0);\">输入</span></p><pre><code class=\"language-java\">1+2</code></pre><p>输出</p><pre><code class=\"language-java\">3</code></pre><h4>案例2</h4><p>输入</p><pre><code class=\"language-java\">1+2+(2*3)</code></pre><p>输出</p><pre><code class=\"language-java\">9</code></pre>');

SET FOREIGN_KEY_CHECKS = 1;
